source_file,category,slug,original_dimensions
close-up-man-trying-break-into-car_23-2149133049.avif,avto-vskrytie,close-up-man-trying-break-into-car-23-2149133049,740x494
freepik880369 (1).jpeg,stokovye-zamki,freepik880369-1,740x494
freepik880369 (10).jpeg,stokovye-zamki,freepik880369-10,740x493
freepik880369 (2).jpeg,stokovye-zamki,freepik880369-2,740x494
freepik880369 (3).jpeg,stokovye-zamki,freepik880369-3,740x493
freepik880369 (4).jpeg,stokovye-zamki,freepik880369-4,740x493
freepik880369 (5).jpeg,stokovye-zamki,freepik880369-5,740x416
freepik880369 (6).jpeg,stokovye-zamki,freepik880369-6,740x493
freepik880369 (7).jpeg,stokovye-zamki,freepik880369-7,740x494
freepik880369 (8).jpeg,stokovye-zamki,freepik880369-8,740x493
freepik880369 (9).jpeg,stokovye-zamki,freepik880369-9,740x493
freepik880369.jpeg,stokovye-zamki,freepik880369,740x493
istockphoto-494831588-1024x1024.jpg,stokovye-zamki,istockphoto-494831588-1024x1024,1024x683
istockphoto-813283742-1024x1024.jpg,stokovye-zamki,istockphoto-813283742-1024x1024,1024x682
istockphoto-955719166-1024x1024.jpg,stokovye-zamki,istockphoto-955719166-1024x1024,1024x683
istockphoto-959708120-1024x1024.jpg,stokovye-zamki,istockphoto-959708120-1024x1024,1024x682
key-service-4521067_1280.jpg,klyuchi-i-cilindry,key-service-4521067-1280,1280x961
key-service-4521068_1280.jpg,klyuchi-i-cilindry,key-service-4521068-1280,1280x961
keys-6654322_1280.jpg,klyuchi-i-cilindry,keys-6654322-1280,1280x853
locksmith-1947387_1280.jpg,slesarnye-raboty,locksmith-1947387-1280,1280x960
locksmith-8559026_1280.jpg,slesarnye-raboty,locksmith-8559026-1280,1280x935
locksmith-8956719_1280.jpg,slesarnye-raboty,locksmith-8956719-1280,1280x854
locksmith-man-repairing_1016675-453.jpg,remont-i-ustanovka,locksmith-man-repairing-1016675-453,740x493
locksmith-replacing-door-lock-new-after-losing-keys-robbery-protection-safety-improvement-repairman-workman-changing-repair-door-lock_410521-395.jpg,klyuchi-i-cilindry,locksmith-replacing-door-lock-new-after-losing-keys-robbery-protection-safety-improvement-repairman-workman-changing-repair-door-lock-410521-395,740x493
master-with-screwdriver-installs-access-room-door-new-lock-house_73110-9752.jpg,remont-i-ustanovka,master-with-screwdriver-installs-access-room-door-new-lock-house-73110-9752,740x493
person-opening-car-door-with-lockpicker_1221914-10784.avif,avto-vskrytie,person-opening-car-door-with-lockpicker-1221914-10784,740x493
picking-set-1463598_1280.jpg,otmychki-i-instrument,picking-set-1463598-1280,1280x853
pixabay065897 (1).jpeg,stokovye-zamki,pixabay065897-1,1280x961
pixabay065897 (2).jpeg,stokovye-zamki,pixabay065897-2,612x407
pixabay065897 (3).jpeg,stokovye-zamki,pixabay065897-3,612x408
pixabay065897 (4).jpeg,stokovye-zamki,pixabay065897-4,612x408
pixabay065897 (5).jpeg,stokovye-zamki,pixabay065897-5,612x408
pixabay065897.jpeg,stokovye-zamki,pixabay065897,1280x961
portrait-man-room-sanitizing-door-handler_176474-2811.avif,remont-i-ustanovka,portrait-man-room-sanitizing-door-handler-176474-2811,740x493
